tweets,label
"Correct that's because, Mr #Blair you never got a single big #EU decision right when #PM
#BRexit https://t.co/Tv6U5bH3Dl",leave
Safer In #EU? No! No! No! Terrorists want the UK to STAY https://t.co/qLfOz27XhN Remember 7/7 Paris #Brussels #EUreferendum #remain #brexit,leave
This. https://t.co/WRtzpWsxiT,leave
"We're going to be swamped by Turks and other foreigners, seems to be the extent of the brexit argument.#bbcqt",leave
"#Lexit not #brexit! Public event with great speakers incl MP Graham Stringer &amp; more. 4pm, 11th June @PHMMcr. #bbcqt https://t.co/gWsdq6b6kd",leave
@StrongerIn @StrongerInPress Last I heard it was 1 man/woman 1 vote. So the boss has 1 &amp; all his workers have 1 each #VoteLeave save the UK,leave
"good morning at the gym, persuaded an ""In"" that ""out"" was the best option, explaining TTIP usually does the trick #Brexit #winning",leave
Atlas Crumbles Under Weight of Italian Banks https://t.co/OgZHRKuTze via @MishGEA #EUref #VoteLeave #Brexit,leave
@austeni Well in accordance with [CCC 1883] and [CCC 1885] I think we can still vote for #Brexit,leave
@Independent hang on let's forget his presidential run. A billionaire businessman with investment in uk supports brexit.,leave
@jeremeycorbyn #VoteLeave,leave
@davesdodgydad @morsild @MarkInNorthWest this is preparation for a #StrongerIn win narrative that says the #EUref wasn't fair üôÑ,leave
@LeaveEUOfficial https://t.co/hHdz2phKZw,leave
"And he used to be ""out"" until his business was captured by the EU regulatory system. #stockholmsyndrome @vote_leave  https://t.co/gs95FX6oDN",leave
"@Arron_banks @StrongerInPress @vote_leave You can count the number of months before Turks have visa free access to the UK, post June 23!",leave
"Donald Trump backs Brexit, saying UK would be 'better off' without EU https://t.co/4sXHzXDHwt",leave
@truclear are going to vote to be raped on a bus or do your prefer Brexit,leave
@StrongerIn don't forget Putin. A man really on our side :-),leave
Mike Betts: Remove #DavidCameron and #IainDuncanSmith as #PatronsofMotability - Sign the Petition! https://t.co/iEsqq80Vds via @UKChange,leave
@BBCNewsnight good advertisement for #Brexit @GetBritainOut @Greens4GO @vote_leave @LeaveEUOfficial Britain NOT @StrongerIn,leave
#VoteLeave https://t.co/MUJHnwQQ0h,leave
@charmayne11 opinion polls are slowly going brexit way by time 23rd of June we should win,leave
https://t.co/O18HPmPFij yet another 100 or so reasons to leave @BrexitWatch #LeaveEU,leave
"""Left Leave"" #Brexit campaign: Apologists for nationalism and defenders of capitalism https://t.co/BfZlFck7SA
#EUreferendum",leave
Spread the Word https://t.co/vTWUiNuBX1 #voteleave via @vote_leave,leave
mad Merkel EU run down by Islam for Lobby industry - EU referendum: Donald Trump backs Brexit https://t.co/8ZZmJVkAsz,leave
Should we expect anything else! Begin to this Cameron is the supreme chancellor! #starwars #VoteLeave https://t.co/8NsMvJlDjb,leave
Donald Trump backs Brexit - The Commentator https://t.co/JfU9UwZU9d,leave
"@zoesqwilliams I'm voting for democracy, internationalism and the global south, and think an EU-based crisis extremely likely. #Brexit",leave
"@StrongerIn Article states ""The UK imports more than half of its gas from Europe, mostly from Norway"". Norway are not in the EU",leave
S'gonna be great - Trump as #POTUS &amp; Boris as PM. #SuchFun https://t.co/6yv48fAcUO,leave
Excellent! Courtesy of #BrexitMK https://t.co/l5XyDWdA2S @vote_leave,leave
EU: New refugee quotas in EU! Nations will have to pay ¬£200.000 per refugee they refuse. That is blackmail! #LeaveEU https://t.co/ydHVOpnt0r,leave
I have just heard rave reviews about @JacobReesMogg #Brexit talk @warwickuni tonight  https://t.co/Z5OH825bmo,leave
#Remain #RemainInEU @StrongerIn time to #TakeControl time to #VoteLeave and #Brexit https://t.co/bsb6syCAql,leave
"@AndrewDuffEU @policynetwork
I've been thinking about the immediate response to a vote for Brexit:
https://t.co/grFklF9oRD",leave
"Donald Trump backs Brexit, saying UK would be 'better off' without EU https://t.co/RVMbvxwBrG",leave
@JTGCharalambous @SaveTrentPark Well done Jason you are still fighting to preserve our local English heritage.Hope you are supporting Brexit,leave
@SkyNews It's funny how all these world leaders are speaking out against #Brexit whilst holding hands with Cameron.,leave
@jamesoxby I agree James Brexit will be the catalyst for EU break up which is what most of the EU population want!! Freedom from EU tyranny,leave
"@55Massey I've read so many tweets of people thinking by voting tory they are somehow wanting to stay in the EU, it's just not true #Brexit",leave
Safer In #EU? No! No! No! Terrorists want the UK to STAY https://t.co/qLfOz2py9l Remember 7/7 Paris #Brussels #EUreferendum #remain #brexit,leave
"Royal Navy fires warning shot at Spanish boat 'hassling' US sub  These are our friends ??????#EU #Brexit

https://t.co/Q5aFIOEQFq",leave
"Right, suppose I'd better go vote. Stage 1 of getting Cameron and the rest of the Tory/Remain tosspots out of office. #VoteUKIP #VoteLeave",leave
@Grassroots_Out @vote_leave @BrexitNoww @IrishRepubIic @theirishpost @TaxLandNotMan @BasicIncomeOrg @basicincome https://t.co/WRhCxdi5Bg,leave
Rational Brexiteer @WhiteWednesday argues for rational post-Brexit strategy on EEA/immigration.Plausible? You judge https://t.co/gp2w5QCbwn,leave
Aye. The Soviet Union was ultimately doomed to failure. Its European counterpart will go the same way #VoteLeave  https://t.co/giCOTCtHsF,leave
"@David_Cameron's gov't on third u-turn, academies, junior doctors and child refugees.  Public #VPissedOff #Brexit https://t.co/gUM26jmVgf",leave
@regular_tea Exactly. I'll be voting #Conservative tomorrow but don't mind if you vote #UKIP instead. All good for #Brexit!(most imporrtant),leave
@Scientists4EU which amounts to approx 3% of R&amp;D funding. Scientific funding not strong argument to remain https://t.co/HooDvttawA,leave
You just couldn't get a nicer bunch of people.... https://t.co/Illrf0P8Cb,leave
Again Lies #Remain #RemainInEU @StrongerIn time to #TakeControl time to #VoteLeave and #Brexit https://t.co/TriBCl2g5x,leave
And vote for the uk nazi party https://t.co/gvdDrY1ZYU,leave
"@NwoReport @Darkstargoddess We'll, dat union shd fynaly alow Brexit 2 worküòÇ",leave
"Pollution warnings as air blown in from continent. Shows we need EU-wide action to improve air quality #INtogether
https://t.co/d9cFmFqgNO",leave
@Telegraph @Swindonjack Forgot after BREXIT Cameron will be long gone anyway!!,leave
No words to add. Just a wish to regain our #sovereignty &amp; #voteleave to #takecontrol &amp; #brexit following #EUref https://t.co/Hbb036KM9B,leave
"FT's @ChrisGiles_ pulls no punches on idea UK would get better trade deals outside EU: ""risible case for Brexit""  https://t.co/OhCUyenC6I",leave
@StrongerInPress  Best for whom? https://t.co/CeLOq88paO,leave
My daughter loves this - as if she ever listens to her Dad!!!! https://t.co/abbJC5CrBm,leave
Oh well there goes Brexit credability! BBC News - EU referendum: Donald Trump backs Brexit https://t.co/Ny6ugSw7At,leave
@Nigel_Farage That's how Dodgy Dave will feel on June 24th. #Brexit #VoteLeave,leave
"@StrongerIn just because it suits THEM for us to stay in, does not mean its in OUR interests to stay !",leave
Today EU Commission will issue more directives to EU member states who have to comply! Will you? #Brexit https://t.co/W18ypxDhv6,leave
Discover the wealth of opportunity outside the EU if you #VoteLeave https://t.co/ZjmoSA8nt6 https://t.co/co5xC9531V,leave
"#Jihadi centres at the ready! 
#Erdogan has given the 'special' orders that's cost the #EU an extra ‚Ç¨3bn 
#Brexit https://t.co/qM0r57ohz8",leave
This https://t.co/CJlqpGhO3v,leave
..... and so it starts! #Brexit https://t.co/72I321Nl8T,leave
Brexit in June ? https://t.co/FuYOpmeXhk,leave
"Well that's officially the best reason I've heard so far to vote ""in""! EU referendum: Donald Trump backs Brexit https://t.co/I5FtGwi0Ne",leave
@LeaveEUOfficial @CityAM Yes. Another example of EU meddling in areas which are none of its business. Subsidiarity an illusion. Vote LEAVE,leave
"@RosieWyatt @Olgachristie THEN TAKE THE TIME &amp;DO SOMETHING!{It's""PRICE of FREEDOM""?}-WHAT IF this""practice""for ""BREXIT VOTE?=U'll be SCREWED",leave
#bbcqt: this guy intelligent: knows about #politiciansRcriminals forcing #TTIP through #EU. So #Brexit from #EUref. #NigelLawson Honest Now,leave
Nigel Lawson putting some real good points across re #Brexit #bbcqt,leave
"@VoteLeaveSW Cameron has played the Brexit crew like the bunch of amateurs they are, sadly.
Time to get wise to him and what's coming.",leave
Will they kowtow or show some leadership? https://t.co/3qhh9K6rD5,leave
Anecdotal evidence of #Brexit's impact on the UK economy is starting to become a lot less anecdotal pre-referendum: https://t.co/iLrgAv8GuX,leave
"When both The Sun and Donald Trump back #brexit , you know there's only one logical choice, to remain https://t.co/lYQoR6p6v8",leave
The racist idiots voting ukip. Why? What purpose will the serve after the #EUreferendum? Absolutely nothing. Kippers really are dense,leave
#VoteLeave to ensure our future is bright! #Brexit https://t.co/1CHLQku8LC,leave
"More Bullshit from Mr. Cameron. https://t.co/wz29NUOGPN Hopefully people see this arrogant, cocky c**t for the twat he really is. #Brexit",leave
@jasperhutchings @Arron_banks @Coeurdelion87 Those two combined to shaft Europe once before in WW1. Brexit before we're kebabed.,leave
(0)Prediction&gt;&gt;&gt;Next Cameron move:&gt;&gt;&gt;Will he try to  bribe/threaten Boris J to playing controlled opposition to sabotage  Brexit?,leave
@andyrome64 As we should. @vote_leave @canadab1967,leave
looking 4wd to commentariat telling trump to keep his beak out of brexit debate as they did with obama https://t.co/wBwRwdKnqA,leave
"Sensing the government is beginning to panic about #Brexit. First May speech, then u-turn on Calais, now U-turn on junior docs.",leave
"""Let me get this straight..."" #VoteLeave #ColumboforLeave https://t.co/TPaMDeQSPj",leave
Gives me the creeps https://t.co/q7JopQg1x5,leave
"Most of those who want to vote to leave are doing it for/but won't admit it...immigration - Good logic there pal, lol. #Brexit",leave
@iainmartin1 @CapX How a conservative can recommend Brexit when this is going on in America I don't know.,leave
When we Brexit and many of our European friends follow...it will - help free them all! https://t.co/C2EmGkaQEg,leave
@StrongerIn @FabianPicardo Oh look they are all multi millionaires with their own self interests and gold plated EU gravy train pension2come,leave
BBC News - EU referendum: Donald Trump backs Brexit https://t.co/Gv48r9tOVN,leave
"Japanese PM @AbeShinzo tells me ""question of Brexit is for British people, but ""Japan very clearly wants Britain to remain in the EU""",leave
"If the folks at #Brexit didnt like Obama being pro EU, I'm sure trumps  support for brezit wont delight them either! https://t.co/y6UrmyqxPD",leave
@EuroGuido @LeaveEUOfficial @virginmedia if virgin media give 500k to remain I'm #Virxit,leave
"""You don't need trade agreements to do trade"". The level #Brexit campaign has fallen to beggars believe. Insult to voters.",leave
"Cannot see meme w/o rapping ""Oh from now on call me Columbo cuz I come through wrinkled up, think I give a fuck?"" https://t.co/ac83roc4N0",leave
Is ¬£250bn of #trade at risk from #Brexit? https://t.co/rmdkbYqlnh,leave
"Wow, governing by secrecy and subterfuge. Realize this is US as well as EU. TTIP includes US. https://t.co/PU1Hzqk1gZ",leave
#Brexit - NO #saddiqKhan  https://t.co/kTILzDYX3k,leave
Heart rules head as food and drink industry backs Brexit. Or so says The Grocer's misleading headline https://t.co/o2vyBBYJJi via @TheGrocer,leave
How does the EU help these brave people ? Does Eu trade affect them ? #brexit #euref #leave #VoteLeave #LeaveEU https://t.co/IyyMxVDCIn,leave
Brilliant &amp; extraordinary insight into the rotten heart of #EU. RT &amp; show to Remainer friends. #Brexit is urgent. https://t.co/WIWQvbuySY,leave
It'll be the fault of #Brexit - vote #LeaveEU  https://t.co/RqSYLpFfxQ,leave
Brexit: The (animated) Movie https://t.co/U2ZvTIvLUX via @YouTube,leave
Emigration: Why British expats have nothing to fear from Brexit - via @Telegraph https://t.co/RrrTBpyD7F,leave
by leaving the EU we hope to rebuild a truly democratic Europe.  As it stands were IN a Dictatorship. #VoteLeave https://t.co/Jba1KcYDce,leave
@_Jet_Fuel_ @johnnyhopper999 @LeaveEUOfficial The UK has to pay ¬£1.8BL  towards preparing the 5 new countries to enter the EU.,leave
"I live in Cyprus, my children are half Irish &amp; my girlfriend is Romanian. I am a proud English European @StrongerIn #StrongerIn",leave
"EU Plans $290,000 Per Person Fine on Countries Refusing ""Fair Share"" of #economicmigrants fleeing poverty https://t.co/wtf1Kx2ctv @MishGEA",leave
"@UK__News why is it when France says no, the deal (or whatever) is in trouble; if we say no, we're in trouble as bad Europeans #brexit",leave
For the Brexit Brigade delivering today. A) Lets get elections done B) I'm @LDINtogether @StrongerIn,leave
The EU had been using UK wealth for distributing to the corrupt UN https://t.co/gOHwsGCmLv,leave
"@David_Cameron @StrongerIn bull*, I'd expect with your apparent level of education you would see the long term future is #StrongerOut 1/3",leave
"That's stating  the obvious #LeaveEU , you should vote leave just to get , the best negotiators for going forward  https://t.co/Fk7YlBmXhF",leave
@StrongerIn EU hinders our intelligence agencies re: @COLRICHARDKEMP Vote out üá¨üáß,leave
Stop #privatisation of our #nhs #EU #referendum https://t.co/05gkVYoT2G,leave
"@rayne_ea The euro is a red herring in the Brexit debate. There has never been any possibility of UK joining ‚Ç¨, except maybe under Lawson",leave
@bbcquestiontime the young lady summed up the #EU question. Why should the electorate listen to EU Council who are elected by MEPs? #Brexit,leave
Waiting for backlash as #Leave campaign tells Trump to mind his own business: BBCNews Trump backs Brexit https://t.co/lmXPdyePRs #StrongerIn,leave
"We British public will decide our future,scaremongering from BOTH sides will not sway our own vote.Not convinced In. https://t.co/hi58JQYhdc",leave
Spread the Word https://t.co/8w7TbwxmE8 #voteleave via @vote_leave,leave
Staying alive is obv staying outside EU TPD w/wo #Brexit @FergusMason1 @Clive_Bates @CaeruleanSea,leave
Makes you question ...? https://t.co/JmlYE7ydSh,leave
@StrongerIn Does this mean the unemployed have to wait until 2030 for jobs? ... what about the next 16 years?,leave
"I'll be voting #Remain as a precautionary measure. Should UKIP continue to make gains in Wales, I want the opportunity to flee the country",leave
Never mind US/Japan telling us 'what to do' just look at the pricks supporting it. #Brexit,leave
Brexit would make UK 'less attractive' for Japanese companies: Abe https://t.co/zUZNDfa88Z,leave
"@CatarinaDemony @weareeuropeuk @IPFtweeting 

It's #EU ref - #Brexit is one of two options

Vote #Remain on 23 June",leave
"Taxpayer Funding Pro-EU Adverts https://t.co/iFuX32mngT via @guidofawkes
MORE CAMERON DIRTY TRICKS &amp; Prob illegal
#Brexit #StrongerIN NOT",leave
BAE Fears #Brexit `Domino Effect' With Scottish Shipyards at Risk https://t.co/mkoTBVLqXu via @business,leave
"Donald Trump backs Brexit, saying UK would be 'better off' without EU https://t.co/zVRJwVKkz7",leave
"@vote_leave Repeating a falsehood does not make it a fact. https://t.co/489D6WMudi
Don't be fooled into Brexit
UK is #StrongerIn #EU",leave
A Brexit could spell a mass exodus of EU workers because they&amp;#39;d fail immigration rules - Yahoo Finance UK https://t.co/AjRGIqjjAb via,leave
Excellent article on Gibraltar. Please RT. Britain needs to know about the effect of #Brexit. We need to #Remain https://t.co/e2hs5v0wkh,leave
@rabite Thats what VPNs are for - welcome to 1984 - The Goal of the EU is to be able to censor all of Europe #Brexit #LeaveEU #Leave,leave
The Brexit Noose Around The Neck Of The NWO https://t.co/eO8L4FzP6F,leave
#EU #VoteLeave #LeaveEU #brexit https://t.co/OgXoGJUFLB,leave
@RupertStiglitz I bow to your intellectual superiority. You and all the other mad #Brexit nutters.,leave
#Japan's Abe Shinzo weighs in on #Brexit debate https://t.co/NVBzdqqGFb,leave
@Number10gov Ministers face battle to get Housing Bill into law - https://t.co/RYj9KsEpCZ #BrExit 4 more houses 4 indigenous ppl of britain,leave
Brexit: The (animated) Movie https://t.co/fpzdtWvRxh via @YouTube,leave
Stops them voting for change and removes 2m supporters of a better Europe.  https://t.co/3zesWbDZ5B,leave
"Prof Minford is the conceited surgeon that claims his #brexit operation was successful
just too bad the patient died https://t.co/XxVqH5oD1B",leave
Why Countrywide Plc &amp; Foxtons Group Plc can't afford Brexit https://t.co/umOfoONylR #Estateagents,leave
@LeaveEUOfficial https://t.co/jTFPSg22Wa,leave
"Britain faces migrant CHAOS: New 'summer of discontent' as thousands plot to storm border https://t.co/f5HwUTBw3Y
Should promote #Brexit",leave
EU referendum: Donald Trump backs Brexit - BBC News https://t.co/Dq4YCxMd1Q,leave
If ever there was a reason to vote to remain...EU referendum: Donald Trump backs Brexit - https://t.co/TamHbyXCIv,leave
"@StrongerIn higher education is a privilege and not a right, these 'students' need to be reminded of that!",leave
"@StrongerIn so if we stay in eu that means we get more zero hours contracts and employers can say 'we dont need to now, fuck off'",leave
"#Strongerin Remember girls..it was the EU that taxed Fanny Pads
#Voteleave for fresher flange https://t.co/RZSF0yD11W",leave
#VoteOut the Establishment - They are going against the will of the people. Lobbyist run their lives. #Trump2016 https://t.co/HBklZulhf3,leave
Hasn't this result just robbed the Remain campaign of a key and long-standing argument against #Brexit: the risk to the Union? #SP16,leave
@grumpyfred3  https://t.co/7ueOylGX3g,leave
Trump backs Brexit. @StrongerIn press team dance giddily round office.,leave
@LocutusBrussels @V0TE_LEAVE @StrongerIn that's a detector in the large Hadron collider in Switzerland. Not in the EU,leave
This is no longer Great Britain. Last chance to save ourselves is Brexit. My apologies to this dad from UK https://t.co/muHGpUzTZP,leave
"In 2015, Ireland-UK trade was ‚Ç¨65 billion. Any reduction on trade due to #Brexit will be damaging to both our economies.",leave
"RT: This is so powerful. The EU means so much for peace and democracy, and we take it for granted. #StrongerIn https://t.co/WYjIHspXT0",leave
Wise nephew! x https://t.co/wHuZtrarhR,leave
@PeterRNeumann I'm middle aged highly educated was a europhile now reluctantly vote brexit! EU Weak divided corrupt value free dictatorship,leave
#truth #ThursdayThoughts #TakeControl #makeithappen https://t.co/Fay1uSgVeY,leave
"Donald's support proves it stinks to leave, fearful that people will know of this support and change their mindsüò± https://t.co/04NJS7D4VL",leave
Stop using my money to peddle pro EU crap #VoteLeave https://t.co/6lJGiA7Mco,leave
@bbcquestiontime Your Bias towards the governments pro EU campaign is sickening. The Anti PC feeling is growing to get OUT OF THE EU.#noeu,leave
"#bbcqt If we vote #brexit does that mean everyone will vote against is in Eurovision. . . Oh! Yes, I see: they already do.",leave
#asylum it shames our country that we allow illegal immigrants &amp; deport Afghan translators who risked their lives for our troops #voteLeave,leave
"Trump, Le Pen, Galloway, Farage and Boris Johnson. The Brexit dream team is taking shape. https://t.co/2uxJDTPdMr",leave
"@ChukaUmunna when he flies in, has joint press conference with PM &amp; threatens us @vote_leave will condemn him",leave
@LeaveEUOfficial obviously @DavidCameron_MP has got a conveniently short memory. Being two faced will lose him his position as PM.,leave
#Brexit currency concerns dampen #PrivateEquity dealmaking says @ElectraPartners Alex Fortescue https://t.co/uUryOO4mWh,leave
Japanese prime minister Shinzo Abe warns #Brexit could hit foreign investment - https://t.co/tw5DMSh4c2 https://t.co/XSph2VcZKX,leave
#Remain #RemainInEU @StrongerIn time to #TakeControl time to #VoteLeave and #Brexit https://t.co/0DjJrZ3JeR,leave
"Swallows and cuckoos will need visa to migrate to UK after #Brexit, warns the #StrongerIn #LittleEU'er camp.",leave
@StrongerIn Ha World Leaders?  You must be joking. Better off doing the opposite of what they tell us. We won't be fooled #brexit #voteleave,leave
üé• in Stocksbridge today with one of Yorkshire's top businessmen. Mark Dransfield says Brexit would kill investment. https://t.co/X1MGvw2bbj,leave
"Brexit fears putting overseas firms off UK commercial property, says report https://t.co/R84IWg0H53 #Brexit #Houses https://t.co/wEd7dCQ8Gx",leave
@BeverleyTruth @RJohnDickinson @vote_leave truth behind #brexit https://t.co/TfCxv5pfQW,leave
UKIP doing as predicted at the moment.. :-) #wales2016 #brexit #voteleave #go #gogogo,leave
don't let this happen it's your duty to #VoteLeave https://t.co/GbQt51T2sT,leave
Wolfgang Tillmans designs posters opposing Brexit vote https://t.co/35YOTI1zyi via @dezeen,leave
"Donald Trump backs Brexit, saying UK would be 'better off' without EU https://t.co/1EC5PsgTH8",leave
How Brexit Presents a Roadblock to the EU-US Establishment https://t.co/Hapg5tKJJm #Infowars,leave
The Eurozone Risks Intensifying its Demise Why Britain Must Leave https://t.co/I9KpgQdY7M #brexit #voteleave #euref #remain #go #June23,leave
@Insinuare @Langworthy_47 and I think this clearly demonstrates the #StrongerIn view that we stay not for UK benefit but only the EU'sü§î mad!,leave
@Williamw1 ha! I'm looking forward to the UK rejoining the wider world and reinvigorating our democracy üòâ#StrongerOut #VoteLeave,leave
@BrexitTheMovie @Martin_Durkin Looking forward to this! See you next week. #Brexit #VoteLeave https://t.co/n65RfxM3cs,leave
No. https://t.co/ZnW9ci2qDQ,leave
@David_Cameron why the change? #EUreferendum  https://t.co/Auwl4hvGuA,leave
"The case for a kinder, gentler sort of Brexit.  Sounds good to me. https://t.co/3YPongo2NQ",leave
"Europe is the European Union. It is a constitutional union, and that is what Europe is. https://t.co/tgNLrNgBpS",leave
"Brexit will leave 2 million Britons in legal limbo abroad, say peers https://t.co/kU49uqP7WW https://t.co/FtI29OU2s8",leave
If the EU is so good and so beneficial will the USA join?? https://t.co/c67qhajkfj,leave
Don't need a trade agreement with the US if we leave - Young #EUreferendum,leave
"Donald Trump backs Brexit, saying UK would be 'better off' without EU:  https://t.co/9I9mivFK07",leave
"@lasancmt @StrongerIn We don't need fear arguments. The #brexit campaign is for a positive step, a brighter future, setting ourselves free.",leave
Merkel seems oblivious to fact she created the problem! Is she schizophrenic or supremely stupid? #VoteLeave #Brexit https://t.co/F8Zr3iXrxp,leave
"All about love of God, and love of neighbour really ! https://t.co/bUGDwd3V22",leave
London mayor may be Labour's lone bright spot in local elections https://t.co/fNEbWTyebR via @Yahoocanada #Brexit #VoteLeave #LeaveEU @nero,leave
This chap sounds like a Brexiter https://t.co/PfkNItfrly #EUreferendum,leave
#IMF warns #Denmark of risk for exports if Britain quits #EU #dkpol #politics #Brexit #dkfinans #UK #Britain  https://t.co/9Yv4iNANBn,leave
@skygillian trump talks more sense than Obama on a brexit. He's more respected by normal people for speaking the truth #trumpforpresident,leave
"""We're gonna build a wall, and France is gonna pay for it"" https://t.co/7s8iAlR1VZ",leave
#EuropeanUnion is not democratic #Brexit ensure UK is https://t.co/Kootj6loJf,leave
Donald Trump says UK would be better off with #Brexit https://t.co/N1A58TgAxm https://t.co/koPHs3pivT,leave
Arguments for Out not v strong here considering chaos caused https://t.co/lfOTx91tch,leave
@BorisJohnson seems to have lost his touch with the voters. Supporting #brexit has exposed him as cynical and self-serving #voteremain,leave
A truth we hate to admit ‚Äì we are one people in #Europe #Remain #StrongerIn  https://t.co/920EdV7bL7,leave
"@jonathanalgar hence why the BREXIT vote is irrelevant, EU RIP ‚ö∞",leave
EU has 'too many part-time Europeans' - @JunckerEU Balls to your EU . Putting the Great back into Britain  #BrExit - https://t.co/wUOiWKD6br,leave
Fantastic evening with @JSeymourUKIP at her office in Telford alongside some great campaigners and people #VoteLeave https://t.co/rKyOs3OCAA,leave
@PrivateEyeNews The political masterstroke that could win it for LEAVE #Brexit #referendum https://t.co/MNDFqz27EF,leave
"Brexit, Political Risk Premia and OTC Interest Rate Derivatives https://t.co/Wh5ixGxmyp #Brexit #Markets #Euro https://t.co/wKgpttDSGs",leave
@euroseptic don't fall for that EU Ponzi scheme scam! #Brexit,leave
Size is not all when it comes to a post-Brexit trade deal: https://t.co/5CoKCk2kvx #FT @ChrisGiles_ debunks BREXIT economic case,leave
#sigh  https://t.co/jnIhHG02sX,leave
Trump backs Brexit https://t.co/uFH4UcaY3T,leave
"As I said, yet more #BrexitLies.  Oh, and what was that your lot kept saying about #ProjectFear? #StrongerIn @DavidJo52951945 @vote_leave",leave
God Forbid #VoteLeave #Brexit #BetterOffOut https://t.co/nylKSuV3rG,leave
"Donald Trump backing Leave! Another one to add to our Rogues Gallery perhaps..
https://t.co/n83hcJmKSZ  #EUref https://t.co/XmthR19CSO",leave
#bbcqt well done mr Lawson valid points for brexit,leave
@Dragonblaze @RoyalNavyNews NATO is far more relevant &amp; effective than the #EU - too many decisionmakers #Brexit https://t.co/PNoywYr5wq,leave
"BAE Systems lifted by contract win as chairman warns of #Brexit risks @BAESystemsplc #EUref #UKinEU #StrongerIn
https://t.co/qaABJIjamN",leave
@SfBYorkUni UK-EU trade down 10%. If we #VoteLeave we can trade freely with emerging economies not just the declining eurozone,leave
@realDonaldTrump says backs #Brexit - media reports #USElections2016,leave
Please people VOTE LEAVE https://t.co/lDUVjuotDn,leave
"@naimanka74 @truemagic68 @TelePolitics Quite likely, thats his style. But he's very popular with voters &amp; we welcome his support for #Brexit",leave
"Well that`s N/African migrants sorted,what about the other 1.6 million Asian who will be in the EU. #Brexit https://t.co/aVDx2ELPLl",leave
"News: Pound would fall 10% on Brexit vote, fund manager says https://t.co/3okcLWeALO",leave
Don't believe those who talk #Britain down #voteleave and take back control from #Brussels. https://t.co/zoAlDAAV03 #Brexit #June23,leave
Good lord. Welcome to an entirely new experience. Agreeing with Nigel Lawson #bbcqt #VoteLeave,leave
@MichaelBrailsfo @howlinsheep @V0TE_LEAVE @StephenMangan All those on the brexit list are further down the twat list though,leave
"@George_Osborne @CCHQPress Can this be done without EU intervention? Good!

https://t.co/oxRu7YBnbP

#Brexit",leave
@raincoatgirl_ @bluehand007 Hope it's not too late to take UK back for you folks. Brexit and take charge again. Best of luck.,leave
"@RickPoleway @AlfredTheOK @StrongerIn @StrongerInPress Leaving the EEC, rahter.",leave
Lies &amp; emotive keywords that are incongruous with @vote_leave. I guess you can't stop a few #gullible non-thinking lemmings tho. #Brexit,leave
"'We're being force fed fear like ducks being fattened up for foie gras' Why #Brexit is being sold wrong @MarketingUK
https://t.co/XC0wDeFKvB",leave
EU workers fear impact of #Brexit on jobs https://t.co/I93aOTBGDQ @FT @gonzalovina,leave
A bunch of us are waiting to hear about our Horizon 2020 bids before we commit ;) https://t.co/LgovQJis6i,leave
Lorry driver on 1show pro-Brexit because he wants to work more hours. How scary  #fatiguekills #roadsafety,leave
West Ham have bid $31.5m for Batshuayi and the Brexit can't come fast enough for continental European clubs.,leave
"@NeilUKIP @marie52d What a terrible thing to say, none of us want to live under an oppressive regime...hence why we're all voting #BrExit",leave
Hence Government is terrifying BBC to dumb down its Brexit coverage https://t.co/dppeGycg3x,leave
Greenland left the EU in less than three years https://t.co/soCN7io721 #brexit #voteleave #euref #remain #go #britainout #leaveeu,leave
Another reason to vote #OUT in June. #Brexit https://t.co/CeWs1IxrjI,leave
"This is exactly the kind of beetfaced nationalism we were talking about.
Full Spode https://t.co/Q1EKnTeSCn",leave
Britain Better Off Without The European Union: Trump On Brexit: Donald Trump has said Britain would be better... https://t.co/3N5Ds1IaEB,leave
"@StrongerIn @alderleymel how about those that care more about the UK first, about sovereignty and about local democracy. How about that ?",leave
@StrongerIn @David_Cameron well he's been shown to be a liar too,stay
What would Brexit mean for marketers? https://t.co/6eJhD1sbe2,stay
EU referendum: Donald Trump backs Brexit (virtually guaranteeing that it will fail) | BBC https://t.co/H1DpSCGom2,stay
Another report confirms #Brexit would cause massive uncertainty for working people https://t.co/qv4Ik5xKUQ https://t.co/cc0pgc8PZO,stay
If you still need a reason to vote to stay in... Donald Trump backs Brexit https://t.co/9byYiXnDoP,stay
@nanette0803 @viking_tiger @certual @LeaveEUOfficial what about every other country they have visa free agreements with? Worried about them?,stay
100% in the EU: Diary of an EU citizen in the UK (5) https://t.co/tkalC8yXtE #euref #bhameu,stay
Lol. Give it a rest boff https://t.co/UL2HEmDCQD,stay
#BREXIT campaign is solely focused on borders + British pride #Stay campaign might not be positive but at least it's not colonialism #BBCQT,stay
"Brexit would cost UK households ¬£2,200 by 2020, says OECD | Politics | The Guardian https://t.co/ytGPpjNaoS",stay
"@AntiqueMag Brexit would be bad for the trade- border controls, potential tariffs, art market shift to Europe perhaps",stay
"The Remain camp's PR team can now go home, your work is complete - EU referendum: Donald Trump backs Brexit https://t.co/x10ieq4a69",stay
Lobbyists at it again https://t.co/4hBRlfbI5v,stay
Shinzo Abe: Japan's PM says Brexit would make UK less attractive for Japanese investors https://t.co/EJ20G30bPq https://t.co/hOStNrplBM,stay
We need facts ..... https://t.co/2J4BpVB0io,stay
@viking_tiger @nanette0803 @certual @LeaveEUOfficial if the people vote in: that's not democracy?,stay
"All it takes 4 politburo bureaucrats to succeed is for sheep to be sheep
#StrongerIn
#StrongerIN
#LabourInForBritain https://t.co/mjybYXa5Xd",stay
"#Brexit  ‚Äòby far‚Äô biggest issue for #Irish  business, says Ibec chief (via @IrishTimes) https://t.co/Vv6U0r6Ed4",stay
A risible case for Brexit based on dubious data: https://t.co/ZYcLuz55ek #FT,stay
We can make Britain great again and build a wall and make the EU pay. All our problems will be miraculously solved https://t.co/30wzjde9F6,stay
@nicholasjf1 @iVoteStay Economic studies show devastating effect of Brexit on UK economy. Ordinary people will bear brunt #StrongerIn,stay
It's wishful thinking to think a Brexit would bring about more prosperity. Membership of EU has helped and not hindered UK living standards.,stay
This is a man who stab at the back.....if not careful  https://t.co/jCIsGENRUN,stay
YEAH TEAM BREXIT. https://t.co/QkyPUh4nnT,stay
No Sign of #Brexit In The Air After #LocalElections https://t.co/uCFGBnj7J7 @RobDotHutton @AlexJFMorales @business https://t.co/ZFv0FU02iL,stay
@TonyParsonsUK @LeaveEUOfficial well the UK Public has never been consulted on being sold out,stay
"Most read on alva this week: Free special report on #Brexit and how companies can best explain the case to remain
https://t.co/HwJ2EgiiCB",stay
"@Brexpats I think @con4lib means ""scrap all employment/equality/environmental rules"". That's what @EconForBrexit post Brexit model built on.",stay
Bit worrying for Brexiters to be on the same side as Donald Trump and Marine Le Pen. https://t.co/ktmfmhx4GQ,stay
"Brexit 'may trigger the collapse of fragile EU':
https://t.co/T0YItnSZK8 via @MailOnline",stay
. @CityforEu @TelegraphNews I don't see any brexiteers telling him to keep his nose out of UK affiairs! #brexit #hypocrisy,stay
For all those who think that housing and construction are immune to the consequences of Brexit. https://t.co/unq5Fb3sfQ,stay
"Why is the Brexit camp so obsessed with immigration? Because that‚Äôs all they have

https://t.co/1ld4AtTQ8C",stay
"#Liverpool have broke the #Spanish dominance in Europe... #English #football says Yes We Belong in #Europe!

#Brexit #EuropeanUnion",stay
@LeaveEUOfficial @ExittheEU but leaving UK in hands of right wing Tories would see that all go to the 1%.......,stay
Brexit threatens to derail UK‚Äôs fintech growth https://t.co/C50SPNAeoL via @growvc,stay
Brexit: We Have Nothing To Lose Except Our Chains! https://t.co/2YZkkobx9a  RT #NationalLiberalParty #NLP #Eureferendum  #VoteLeave #Brexit,stay
Most EU migrants in UK 'would not get a work visa after Brexit' #EUref #Brexit #EUref https://t.co/h2RRE89PyD via @MailOnline,stay
"I love it: ""If Britain is not big enough to compete on the world stage, who the bloody hell is?"" Watch here: https://t.co/MVoYgWOBYr #Brexit",stay
"@RJohnDickinson @vote_leave @CarolineLucas 
Your opinion is that UK led on animal welfare so who needs the EU?
@lawyers4animals 
#euref",stay
@RupertStiglitz @lasancmt so why r so many brexit arguments &amp; supporters built around little Englanders chauvinism?,stay
"Dictator furher timmermans has commanded, heil herr timmermans! https://t.co/vMkc8TqdYV",stay
How can anyone allow these corrupt and pampered men to rule us? #Brexit #VoteLeave #EUreferendum  https://t.co/EXUkAv5zvI,stay
"So Trump joins the Brexit camp? Along with Boris, Farage, Galloway, IDS, Gove, Marie Le Pen. Quite a bunch!",stay
"TTIP in Obama`s words (ha, BACK OF QUEUE).We don`t want US rule, EU rule is bad enough. Future better in UK.#Brexit https://t.co/KlMR8brtxM",stay
Brits need to say very clearly on the 23rd June we are sick of being used by non Brits Vote Out  https://t.co/jVk9V6oioX,stay
If Blair says stay then I'm definitely voting out! #lyingbastard   https://t.co/zIjwi4PS58,stay
Nothing more than an insult to the British people's intelligence!!.... https://t.co/ahybPKsV97,stay
"Rent continues to rise in almost every part of the UK - time to leave the EU

https://t.co/RprsiFarwi

#Brexit #VoteLeave",stay
"Britain's global engagement is restrained by the EU ""common position"" https://t.co/JAWgctVLiZ #EURef #VoteLeave",stay
It's Obvious what the Media is Trying to do to anyone who wants to make an informed choice on #euref #leave #remain https://t.co/95C2Vg8LTq,stay
"@iainmartin1 @JeremyWarnerUK Sure. How much lost business from the City do you think would be a reasonable cost of Brexit, Iain?",stay
TRUMP SUPPORTS BREXIT !!!!,stay
A good question. https://t.co/QbifH6lTJt,stay
I liked a @YouTube video from @piffletv https://t.co/7cyfyS7IK2 Brexit: The (animated) Movie,stay
So Trump's backing Brexit. Presume those Brexiters who got their knickers in a twist over Obama will tell him to keep his nose out too...,stay
Budget cuts &amp; Brexit stupidity is hurting jobs &amp; economy.Chart that shows the UK economic recovery is 'on its knees' https://t.co/U0hBfHpkdo,stay
"#Trump #Brexit What, you think he has UK's best interests at hear? Are you insane? Trump?",stay
The eurozone faces a time bomb of growing public debt https://t.co/c7vCIyG43f #BREXIT #VOTELEAVE #REMAIN #STRONGERIN #BRITAINOUT #EU #DEBT,stay
#BigBrother #1984 #Brexit George Orwell was a visionary https://t.co/1xZl2SQdnu,stay
@StrongerIn When our competitors want us in the EU the sensible person knows it's time to #LeaveEU,stay
You see. This is what we mean when we say the EU has gone too far. Absolute insanity! #Remain #Brexit #StrongerIn  https://t.co/wmkFdVDi2J,stay
@LeaveEUOfficial The big business lobby - the tobacco giants in this case - successfully lobbying to hamper the competition - typical EU,stay
"@DanHannanMEP @vote_leave There I was being told that the EU is good for trade, shows how misguided one can be, doesn't it.",stay
You are bending over &amp; taking it if you stay in EU after this EU ruling. Saying no NOW is making an influence https://t.co/frwQFDg0SA,stay
They have very little power. #bbcqt https://t.co/bElmkIJet4,stay
And the USA would be better off without Trump. No to #Brexit https://t.co/6gtJF4wkPM,stay
"so, who¬¥s all voting for brexit then??  if you vote to stay you need your head tested in my opinion..",stay
"#Remain , bottle the Chief Exec Ryanair on #brexit and put in an Youtube shaped container",stay
"#bbcqt True. Reason I am negative about EU is nobody is making positive case 2 #remain. They're just trying 2 scare me. Well, I'm not scared",stay
That should be warning enough....#Brexit https://t.co/XKBgqqLyhS,stay
'TIME TO GO': Trump gives Brexit blessing as he blames 'crazy migration' for EU collapse https://t.co/fjsRtp1IEf. Go Trump &amp; Brexit!,stay
Lord Dubs expresses his desire for Britain to remain in the #EU in his speech to @fsuireland delegates #StrongerIn https://t.co/sR9R8Ex3WQ,stay
"@StrongerIn Ball cocks, you've just made that up, how measurable is that claim, it's not. Demonstrate it please, in facts &amp; figures.",stay
Police called in to investigate shock election fraud claims in Gloucestershire https://t.co/zA7XjCTaEF #brexit we all new Farage was robbed,stay
@mgerrydoyle just count your blessings you're a non-Brit. This is why I dread #Brexit. Could be stuck with these cretins ...,stay
"Wasn't #EU to unite, avoid war? Or no matter what Germany likes to stir trouble, leading to this, for ex? #brexit https://t.co/ilLUJfOKGF",stay
We're to start? Trump's an international businessman with businesses in UK. He's not a president or elected politico https://t.co/F67RmkUYo6,stay
"@stevethesmiths @Dis_PPL_Protest brexit is bad news for everybody, disable or not!",stay
"Presidential hopeful Trump backs Brexit https://t.co/bag9KCJ317

Strongest argument to remain in the EU!",stay
A risible case for #Brexit based on dubious data: https://t.co/PInHgHUabT #FT,stay
Probably the biggest reason to vote in so far: Donald Trump backs Brexit - BBC News https://t.co/ad4bmkBCbs,stay
@Englaland75 @DailyMailUK @iVoteLeave I've always wanted to deliberately 'lose' at Jenga with a stack of 28 European states. #Brexit #23Jun,stay
Undecided for Brexit ? A good video explains it all. Have a look and Share. What sort of country do you want your... https://t.co/OTzGNv34KJ,stay
In case you needed any more incentive to vote 'in' at the referendum... https://t.co/OCZucJ8pIg,stay
"Trump on Brexit vote: Great Britain is 'better off without' Europe
https://t.co/uk4O8gSHU5 via @MailOnline",stay
#Brexit #VoteLeave  https://t.co/dXc1a40gOt,stay
Reason 29 to #Remain - The multi-national next generation. https://t.co/b872BTQqz9 #strongerin #euref #brexit #brexpats,stay
"@LeaveEUOfficial @YouTube Straight out of ""Dreamworks"" studios? Deplorable! #Brexit #LeaveEU",stay
"EU exit would make UK 'less attractive' to investors, says Japan's PM #Elections2016 #uk #StrongerIn #Brexit  https://t.co/sAJkXfl0WN",stay
"A good piece. The Brexit case on sovereignty is fundamentally Hobbesian. No checks/balances/rule of law acceptable. 
https://t.co/U2JO5TY5TL",stay
@LeaveEUOfficial @Grassroots_out  @Brexit_News https://t.co/AE7QUjefqE,stay
@vote_leave Another week of you lying about the cost of the EU. Another week of working with our neighbours. @StrongerIn,stay
EU‚Äôs own Frontex Agency recently concluded EU makes us less safe https://t.co/soCN7io721 #brexit #voteleave #euref #remain #go #leaveeu,stay
@2tweetaboutit @Fight4UK   Con. Normal political bribery. Vote UKIP for change to honesty. Nigel consistent with answers &amp; truth. BREXIT.,stay
Thanks Charles! @Europol @StrongerIn  https://t.co/78veCZX4T0,stay
"Brexit May Spell Doom for Fintech and Bitcoin. In the UK, That Is https://t.co/gXucUQgw3J",stay
"""If we vote for Brexit, some of the economic things will dip, but they'll come back later."" 

Thanks audience, #bbcqt",stay
"@StrongerIn Lies, prices are higher in the eu.",stay
One Indication That #Brexit Worries Are Already Hurting the U.K. Economy https://t.co/9vNq7flD1K via @markets,stay
"@RJohnDickinson @StrongerInPress @JAPANinUK Yes, the good sense to try and talk us into making a fatal mistake.",stay
Property boss says London could be overtaken by EU cities if Brexit happens https://t.co/XXzfRASMoy via @CityAM #property,stay
@PD_Politics @johnmcternan @Telegraph looking good pro yes majority. Only after a Brexit. Engerland knows bestüòÄ,stay
Vote for more hugs ‚ù§üëç https://t.co/coYoQz5GVX #hugabrit #StrongerIn,stay
this was my @Science_Council blog arguing EU regs would mean companies left the uk https://t.co/GHpgcu9rIH ghost only first of many #EUref,stay
"https://t.co/iBY1tfWzxm

#VoteLeave  #LeaveEU  #EUreferendum",stay
Is losing the City of London really a price worth paying for Brexit? | via @telebusiness https://t.co/VFxpV3srKe,stay
The Dangers of Brexit: A Canadian Expat¬ís View #EU #Referendum https://t.co/CraC1n1Haj,stay
RT lionelbarber: Brexit reality: UK would be badly short of (EU) workers https://t.co/3W0vSfuQJ5,stay
@TonyParsonsUK @peytonjim if she manages to create a Euro army I can't see much beyond UK and France that'll do any fighting. #VoteLeave,stay
And they wonder why the public aren't voting for them.... #ManyATruthSaidInJest #VoteOut #UKIndependence https://t.co/0jOzZvKB0i,stay
@DanHannanMEP This has to help the brexit cause surely.  https://t.co/8Vp57gL5IV,stay
@David_Cameron Bullshit... The referendum can't come soon enough!!! #VoteLeave #UKIndependence #Brexit,stay
@Grabcocque @faisalislam Greens don't agree with brexit as mandate for referendum (at the moment),stay
@MissTrade https://t.co/0ByO0TJjmX,stay
"@RupertStiglitz you'll be isolated alright after #brexit, not even your #commonwealth buddies can stand your sophistry üòÖ",stay
"BBC News - EU referendum: Donald Trump backs Brexit https://t.co/qfwuOzgSMS
Well if you insist Mr Trump..........you tool",stay
"https://t.co/9VEGSShCAb

Senator Paterson (aus) on brexit",stay
Presumably *this* is the number one reason for #Brexit then.... https://t.co/Vc1OZyy3xX,stay
"@larryelder please from one of your biggest UK fans, push #brexit 

we need to win our referendum vote and US voices appreciated",stay
#Remain #RemainInEU #StrongerIn time to #TakeControl time to #VoteLeave and #Brexit https://t.co/uG1SFDEWXe,stay
Donald Trump backs Brexit https://t.co/su981cJMYx How unsurprising,stay
@britinfluence @Mabeytweet Makes UKIP dream impossible - leave the EU and UK will soon cease to exist #EUref,stay
No Cameron you have failed at everything https://t.co/RdOcT3Hgbk,stay
"Its about the cost? We are net contributors. We have also given way our fishing, lost our dairy farming. https://t.co/5cJA4HHKJI",stay
"Well that's a point you will definitely lose it on remaining in the EU, in fact you're giving it away. https://t.co/65d05PdQ1Q",stay
@ImNotEric You need to move to mainland Europe then #bbcqt #Brexit for British Survival,stay
@vote_leave ...a policy which does not apply to the UK as we are not part of Schengen zone and which will not change one iota if we leave EU,stay
This is 'truely' shocking!! #Brexit #VoteLeave @vote_leave  https://t.co/68qcr5z221,stay
Dugdale is a disaster for Labour she lost the election by suggesting she would support independence if Brexit occurs https://t.co/XySmi0kcNs,stay
Spread the Word https://t.co/JDgMoDqLnB #voteleave via @vote_leave,stay
Abe would very clearly prefer Britain to remain in the EU https://t.co/7BZw8rAXmj via @forexlive #gbpusd #brexit,stay
"Trump backs Brexit, brands migration crisis a ‚Äòhorrible thing for Europe‚Äô https://t.co/Xdp1fbEzSb",stay
"Brexit worries top #SME agenda - via @AccountingWEBuk #Brexit 

https://t.co/Qd5WTuzayq https://t.co/UGlNVJxErN",stay
@Telegraph From this result we should learn what all election results will be like if we #Remain. Be sensible &amp; #VoteLeave in #EUreferendum,stay
Cameron cannot be trusted over EU. #brexit #loughborough #voteleave #loveEurope #no2eu  https://t.co/IdX05jkTIR,stay
@ruminantsheep Even most fervent Brexit supporters admit there will be some near-term hit to UK economic activity due to uncertainty,stay
"From yesterday, me for @FutureFP: Britain Could Become a Bulwark Against Nationalism After a ‚ÄòRemain‚Äô Vote https://t.co/UQU7cO3or3  #euref",stay
That's how much of a friend asshole @POTUS Obama  really is - a @David_Cameron mate - not ours  https://t.co/8wDlK5fjse,stay
"Right for the first time #Blair, the way they stack is to use the EXIT door! #Brexit https://t.co/bkr4otZ2Be",stay
"https://t.co/22vFFC81gb 

#Remain  #EUreferendum",stay
RT #FreeMarineAIn2016 =Hero to his kind! Please help free him! #DavidCameron &amp; #GeorgeOsborne are #Traitors #Brexit https://t.co/aVrzE1r55O,stay
"@MuppetV2 @StrongerIn Hey, stronger in, Blair's your man. All the more reason for voting leave, get a free, democratic Britain back.",stay
"Japan‚Äôs prime minister warns over Brexit threat to investment
Abe: Britain would no longer be ‚Äògateway‚Äô to Europe
https://t.co/97eKGuB1Dv",stay
"@paulrey99 @StrongerIn
EU has so many factions to please to get something through.
UK alone is much more agile, will close deals faster.",stay
Campaign goodies arrived @StrongerIn @NWStrongerIn https://t.co/cOhJy8uv3y,stay
He Is Lying to you all #Remain #RemainInEU @StrongerIn time to #TakeControl time to #VoteLeave and #Brexit https://t.co/UXQ65xqZEO,stay
in case you were unsure which side is the logical one https://t.co/w9G1mXlrqI,stay
@Laura_AdjGov I read it thx and I am now even more determined to vote #BREXIT,stay
"Millennium Global Says Sell Pound, Sees Brexit Risk Underpriced https://t.co/InojzQDQ3B via @business",stay
#EU membership increases the costs of consumer goods https://t.co/soCN7io721 #brexit #voteleave #euref #remain #go #britainout #leaveeu,stay
I used my card to get free dental treatment whilst working in Germany! Don't lose it #VoteRemain #LabourInForBritain https://t.co/UCo82jXMEh,stay
@Dwalingen @ukleave_eu @Dinostratus @WyeLea @Nigel_Farage It tells me it is time to leave! https://t.co/OKUnMv5sFm,stay
"UK would be 'better off' without EU @realDonaldTrump please destroy one country at a time, finish what you started. https://t.co/Aky8B2nufU",stay
Why pro-Europeans should back Brexit ‚Äì to save Europe from the EU https://t.co/S2nnjB7A1u via @CityAM,stay
@rodbishop15 I can only see this benefiting brexit in long run as more and more people realise the absolute folly of remaining in the EU.,stay
EU referendum: Donald Trump backs Brexit https://t.co/u8dalJwHU5,stay
@Truman_Black the fuck is a brexit,stay
"So how is the EU helping NI

BBC News - Ulster Farmers Union says pork stockpile could depress prices

https://t.co/5T7sfzp2Fs

#Brexit",stay
@StrongerIn  'closing gender pay gap' evidence the stay campaign have no economic sense.,stay
Leading historians dismiss claim EU has brought peace to Europe https://t.co/soCN7io721 #brexit #voteleave #euref #remain #go #leaveeu,stay
"@bernerlap Then suddenly on the 24th June the #EU will play their new cards &amp; @David_Cameron won't be able to stop it!
#Brexit",stay
Seems Cameron is the only one that doesn't know Turkey are nearly EU members in all but name https://t.co/ALw5jYkWca #Brexit #VoteLeave,stay
"Group of industry experts &amp; MPs set out why Britain's fishing sector is #StrongerIn 
https://t.co/swrj3ybPek",stay
"#Trump #Brexit What, you think he has UK's best interests at heart? Are you insane? Trump?",stay
These numbers appear to be a lot bigger than #brexit 's made up ¬£350m https://t.co/XQbKyXQTq9,stay
NOW we know what the EU has been up to and its dirty https://t.co/RUhKFdqKTh,stay
"It's time for websites like https://t.co/DJoyQk6hwh on a national scale, allowing us to only buy british products. #eu #uk #euref #VoteLeave",stay
"This person should vote #Brexit in #euref then &amp; not support SNP's pro-EU pro #TTIP position which will destroy NHS
https://t.co/zLmUrFdVD9",stay
"TTIP is a very bad excuse to vote for Brexit

https://t.co/KNFa1gYlEV",stay
"#EUReferendum UK's biggest #insurer #Aviva would prefer to avoid risk of
#Brexit New blog: https://t.co/iKaxtfk8cv https://t.co/RplxIXncFP",stay
Best advert for @StrongerIn ever https://t.co/NGCCZzIq9R,stay
@SirBasilBrush @yorkshirepost Same as the Conservative Party...UKIP it has to be! And Brexit! Save yourselves UK!,stay
Japan wouldn't want to be tied to China or Korea they want to keep their democracy  so do we keep out of our affairs https://t.co/GF70IoiEef,stay
Probably one of the strongest possible arguments for the UK to remain in the EU: Donald Trump backs Brexit https://t.co/WAMESbksIn,stay
@David_Cameron and we trust what you say? #LeaveEU,stay
"Britain remaining in EU is 'better for the world', says Japanese prime minister #Brexit  https://t.co/RInsNzZQze",stay
If your not sure how to vote then ask any MEP they know how corrupt the EU is. Stay in Democracy Dies. #VoteLeave https://t.co/8RLIFq8Sb2,stay
@StrongerIn but of course in reality we could increase funding and maintain co-operation on scientific matters. @IanMSanders,stay
@QuondamOptimist @IsabelOakeshott when you disagree you need a bit of respect ! Which is what Tory communists have lost #Brexit,stay
WTF is wrong with Europe ?  https://t.co/XpjMotrrEw,stay
with @scotgp a majority for independence @faisalislam  https://t.co/1s2MiOBJYy,stay
"@vote_leave @ukleave_eu @LeaveEUOfficial 

Brilliant, easy to watch Short-Vid for #EU:Ref Undecided"" Voters‚úîÔ∏èüá¨üáßüëçüá¨üáß üéâ
https://t.co/WfvAyyGqrg",stay
#Brexit Uncertainty Drags U.K. Economy to Near Stagnation. - https://t.co/hqKtIvP3jr,stay
Thinking about #brexit? Check this out...Patrick Stewart sketch: what has the ECHR ever done for us? https://t.co/LFPzq8rPE9 @guardian,stay
https://t.co/XAh4e4f0mK,stay
New Delhi believes IN a strong #UK within a strong EU. Know why? https://t.co/UgxVpFmdIJ #Indiaglobalbiz #UKinEU https://t.co/wUZrehvQ4U,stay
"Limited truth, EU does require regular audits, non transparency of actions &amp;budget expectancy issues. #StrongerIn https://t.co/fyZaa0XRfw",stay
@ViewFromBlock93 @LeaveEUOfficial Thats why I don't get why people vote for them; they're not necessarily there to get stuff done.,stay
"@virginmedia American owners are planning to give half a million to #remain to help keep us in EU, I am cancelling my contract now. #Brexit",stay
"Staying IN #EU Would Cost #Britain ¬£9,265 per Household Each Year https://t.co/9UNJvjyZQB #Brexit #VoteLeave https://t.co/tKp9lMOEdF",stay
"Brexit ‚Äòby far‚Äô biggest issue for Irish business, says Ibec chief https://t.co/c3J5JX0YL0",stay
Brexit Uncertainty Drags U.K. Economy to Near Stagnation https://t.co/H0oyWeGEBw via @business #Brexit #UK #EU #economy #invest #money,stay
Liverpool reject BREXIT and stay in Europe! get in the Pool',stay
@vote_leave Whilst personally pro Brexit EU law has actually improved standards for movement of animals. Fact. No 'cruelty' in live export.,stay
"@olliea110795 what has the EU stopped you doing and since when did UK join Schengen 'open borders'? 
#brexit https://t.co/0RJl78RCxz",stay
@BeverleyTruth @RJohnDickinson @vote_leave no one is saying stop immigration but we need CONTROLLED. Immigration not a free for all #brexit,stay
I will be voting to get my Country back. #VoteLeave  https://t.co/aG0Nnj6wVn,stay
RT if you too are sick of the  #Fascist #unaccountable #unelected #Totalitarian #EUSuperstate #Brexit #migration  https://t.co/BRTcYO91Qj,stay
"@FarrandGiles @Phoenixarised @vote_leave @GiselaStuart gosh, I've just been convinced by the argument of an intellectual giant #StrongerIn",stay
Are they all insane? https://t.co/Y1COB4Rj0G,stay
"Keep the scraps  @deSommeville and we'll keep our excessive payments to the gravy train.
#Brexit #euref #VoteLeave
#littleeu #strongerin UK¬£",stay
now is the time save your wife+ daughters + animals because if you don't vote #brexit the #rapeugees will rape them https://t.co/PLBLvhkw5w,stay
Becoming clear a #brexit is LESS of a step into the unknown than remaining exposed to volatility of the ever expanding #EU. #EUreferendum,stay
"@LeaveEUOfficial Please stop showing photos of Tony (the liar) Blair, I vomit every time I see that horrible (I screwed you all) grin!",stay
@Dinostratus @Nigel_Farage @DanHannanMEP @VeteransBritain  You MUST watch this video! Vote Leave! https://t.co/IC1mOGW928,stay
"@LeaveEUOfficial TURKEY IS A TERRORIST, It has Armed,Sheltered and Supported ISIS for 5yrs. Profited from Stolen IS oil.",stay
Frank Field's Left-Wing Case For Brexit https://t.co/uboXDcVQmP via @guidofawkes,stay
@ChukaUmunna It doesn't matter what anybody else thinks. It's clear that the EU is a failure built on bureaucracy &amp; waste #brexit #voteleave,stay
"Donald Trump backs Brexit, saying UK would be 'better off' without EU
Ok then, good for @StrongerIn 
https://t.co/zPmy0IIKQg",stay
#brexit is the campaign for bigots &amp; fruitcakes #bbcqt,stay
Coverage of #EUref @forbritain @RHCVTrucksVans Nigel Baxter making the case for @vote_leave #TakeControl  https://t.co/2LxTjkYr9d,stay
Not good -  #Brexit https://t.co/b7AGKfSn1t,stay
"@StrongerIn UK is a net contributor. Its our money coming back to us, after EU have taken their cut. https://t.co/eKznnl4cnz",stay
Magna Carta Today - https://t.co/VXBXMbHUYR https://t.co/VXBXMbHUYR this is why we should #voteleave,stay
@wef A Brexit would mean that trade between the 2 countries stops. What kind of assumption is that? The effects will most likely be minimal.,stay
$GBPUSD: UK GDP growth looks to have ground to a halt: https://t.co/0bVxBE469T,stay
"A Protectionist Pres Trump wld pull the US drawbridge up &amp; Brexit wld kill British workers. If you think Liam Fox et al will help, dream on.",stay
@Havering_In @NigelPargetterx @StrongerIn ... Contrary to all observable evidence and reams of published material !,stay
Trump coming out in favour of #Brexit could be the best thing for the In Campaign https://t.co/h0EbfT9Ioc,stay
"@MarkReckless @UKIP @ITVWales After Brexit, UKIP'll have to stop having leaflets printed in the Netherlands. #UKjobs https://t.co/bsq3PpAOeP",stay
Though Churchill - admired by #Brexit - was strongly in favour of United States of Europe https://t.co/tlnUVypHxf  https://t.co/TnDG4IbD8O,stay
"Ignore the ukip bit,,,,, but #LeaveEU  https://t.co/FSFspONOHa",stay
"@DavidJo52951945 The Persian Empire tried to destroy the Greeks but failed. They have now succumbed to the tyrannical EU.
#Brexit",stay
.@guildhallschool show how orchestra would be decimated by Brexit. I'm sure the same is true in many museums: https://t.co/KJqBVozlx1,stay
@ChrisGiles_ @vote_leave  The Vote Leave default position is to be cross with everyone. Have the Japanese particularly disappointed them?,stay
"@debbiesimone123 @patrickwintour Well, he is (really) in favour of Brexit. If so, will be first intelligent move he's made in a year.",stay
Everyone should respect the sovereignty of the EU countries. The #EU Does Not!!! It's Time To Leave #EUreferendum #Brexit #VoteLeave #EuRef,stay
Prayers for England!  #Brexit #Pegida https://t.co/3uUSwW7z4d,stay
@StrongerIn 4 world leaders and 3 hell bent on TTIP üá¨üáß vote leave,stay
That ¬£9m could have helped the 9000 servicemen who now live on the streets you pratt. #brexit #euref #leave #LeaveEU https://t.co/8NU4yhbxD4,stay
Abe: Brexit would make UK 'less attractive for Japanese investment': Japan's prime minister has warned that a... https://t.co/cjwwlipHUR,stay
#StrongerIn https://t.co/8qFhtla21f Vote 'In' for Africa,stay
But @David_Cameron Dave Dave Dave only 1 needed for out #Brexit the fact your leading the in campaign üòá,stay
"Brexit would ‚Äòsignificantly damage‚Äô London Market, says IUA: 
           Underwriters have raised concerns Br... https://t.co/Nx6G87HZ57",stay
City would not collapse in a heap but it would be far less prosperous - Mark Boleat #Brexit debate @Mishcon_de_Reya,stay
"Cutting ourselves off from #EU friends, as @vote_leave wants, would make our defence weaker, says @nsoamesmp    https://t.co/pqIe9wwaPY",stay
When someone has my heart I give it my all! But comes a time when truth surfaces &amp; need to let the mind lead over the heart!! #TakeControl,stay
Thank you for the support  @PHamzahee  https://t.co/yn3ZAiGAvb,stay
"Donald Trump backs Brexit, saying UK would be 'better off' without EU 
That's me decided then #stay https://t.co/WaDzajdnSK",stay
"""England Bans Its Own Flag to Avoid Offending Muslims"" https://t.co/zhTeGKUoHO #Brexit #immigration #referendum #SaferBritain #migrants",stay
"#Brexit are hoping for the ""good old days"" and a war. Among all the things it's about, it's about the war. ""We won""! https://t.co/MUcOjERdGN",stay
‚Äú@RichmondEurope: Please register to vote before 7 June #StrongerIn https://t.co/CUNXAvFctQ‚Äù DEMOCRACY?? PEACE ?? Ye Gods. Truly B.S.E.,stay
"@vote_leave false. Border control still exists in Calais. If it didn't, then why can't a person come without passports being checked?",stay
- @UKIP @Nigel_Farage @EUVoteLeave23rd @LeaveEUOfficial  @HACKEDOFF_VOTER https://t.co/370wWU9h2o,stay
"Slack EU border control &amp; nationalism "" are challenges that have to do with the future of Europe"". Don't pass the buck on us, Merkel #Brexit",stay
"@stardust193 @britainelects Come on #no2eu give me some good news. I'm on the piss in  barcelona! I want heads, i want labour shafted!",stay
He's like the gift that keeps on giving ...  https://t.co/HjViQh0cbi,stay
Don't forget to vote today and send Cameron and the greedy Tories a message #election #davidcameron #votelabour https://t.co/sK8vDoZVQv,stay
"Accuses #StrongerIn of scaremongering, tells story of Turkey joining the EU and a flood of 75 million Turks... Well done Lawson #bbcqt",stay
